Transaction_ID,Transaction_Date,Server_Timestamp,Store_Location,Sales_Amount,Currency
1000,03-09-2023,2023-09-03 02:00:00 +0000,Z횄쩌rich,257.52,EUR
1001,24-11-2023,2023-11-24 12:00:00 PST,S횄짙o Paulo,81.77,EUR
1002,21-06-2023,2023-06-21 05:00:00 +0000,Tokyo,326.06,USD
1003,13-11-2023,2023-11-13 16:00:00 EST,Z횄쩌rich,240.11,JPY
1004,28-07-2023,2023-07-28 06:00:00 +0530,Montr횄짤al,169.07,USD
1005,04/13/2023,2023-04-13 00:00:00 EST,London,48.85,USD
1006,07/16/2023,2023-07-16 09:00:00 EST,Paris,446.22,EUR
1007,08/14/2023,2023-08-14 20:00:00 PST,Montr횄짤al,409.79,JPY
1008,04-03-2023,2023-03-04 09:00:00 UTC,Z횄쩌rich,470.41,USD
1009,25-08-2023,2023-08-25 04:00:00 PST,S횄짙o Paulo,76.27,USD
1010,28-03-2023,28-03-2023 05:00,Tokyo,66.36,USD
1011,01-03-2023,2023-01-03 05:00:00 EST,London,260.65,USD
1012,13-10-2023,13-10-2023 08:00,Tokyo,392.96,USD
1013,08-11-2023,08-11-2023 06:00,Paris,81.32,JPY
1014,25-04-2023,2023-04-25 23:00:00 +0530,London,136.64,USD
1015,22-01-2023,2023-01-22 08:00:00 +0530,Montr횄짤al,468.8,JPY
1016,29-10-2023,29-10-2023 03:00,S횄짙o Paulo,130.46,EUR
1017,01/14/2023,2023-01-14 19:00:00 +0000,Tokyo,461.68,USD
1018,17-04-2023,2023-04-17 13:00:00 +0530,Paris,361.74,GBP
1019,09-09-2023,2023-09-09 23:00:00 +0000,M횄쩌nchen,496.55,EUR
1020,27-05-2023,2023-05-27 19:00:00 PST,Paris,201.32,GBP
1021,06-08-2023,08-06-2023 02:00,Paris,322.76,JPY
1022,05/17/2023,2023-05-17 06:00:00 +0530,S횄짙o Paulo,359.82,GBP
1023,05/28/2023,2023-05-28 21:00:00 PST,Tokyo,415.33,JPY
1024,23-03-2023,23-03-2023 14:00,London,67.02,USD
1025,10-10-2023,2023-10-10 04:00:00 UTC,New York,278.69,USD
1026,03/15/2023,2023-03-15 00:00:00 EST,Z횄쩌rich,72.76,JPY
1027,12-03-2023,12-03-2023 18:00,London,269.9,JPY
1028,10-12-2023,2023-10-12 09:00:00 PST,Paris,344.97,EUR
1029,24-02-2023,2023-02-24 06:00:00 +0530,S횄짙o Paulo,492.19,GBP
1030,24-04-2023,24-04-2023 06:00,Z횄쩌rich,458.22,JPY
1031,03-10-2023,2023-10-03 15:00:00 +0530,New York,391.83,GBP
1032,03/24/2023,24-03-2023 22:00,Paris,228.42,EUR
1033,02-06-2023,2023-02-06 13:00:00 PST,Montr횄짤al,321.28,JPY
1034,23-09-2023,2023-09-23 17:00:00 EST,London,469.19,EUR
1035,10-10-2023,2023-10-10 16:00:00 PST,Paris,366.66,JPY
1036,11-06-2023,2023-06-11 03:00:00 EST,Montr횄짤al,45.61,GBP
1037,09/14/2023,2023-09-14 09:00:00 PST,New York,243.61,USD
1038,18-12-2023,2023-12-18 00:00:00 +0530,M횄쩌nchen,266.25,EUR
1039,16-07-2023,2023-07-16 20:00:00 EST,S횄짙o Paulo,258.16,JPY
1040,17-02-2023,2023-02-17 16:00:00 UTC,Montr횄짤al,206.02,EUR
1041,01-02-2023,2023-01-02 20:00:00 UTC,Montr횄짤al,241.28,EUR
1042,31-08-2023,2023-08-31 13:00:00 EST,Montr횄짤al,462.42,USD
1043,07-01-2023,2023-01-07 23:00:00 EST,S횄짙o Paulo,87.47,EUR
1044,19-04-2023,2023-04-19 12:00:00 UTC,Tokyo,172.64,JPY
1045,03-06-2023,2023-03-06 04:00:00 +0530,Paris,288.24,USD
1046,06/20/2023,2023-06-20 12:00:00 PST,Z횄쩌rich,140.64,GBP
1047,05-01-2023,2023-01-05 14:00:00 +0530,London,182,JPY
1048,06-03-2023,2023-03-06 12:00:00 EST,London,149.89,GBP
1049,27-11-2023,2023-11-27 18:00:00 PST,Paris,420.53,EUR
1050,15-02-2023,2023-02-15 17:00:00 PST,London,212.01,EUR
1051,18-06-2023,18-06-2023 14:00,New York,466.02,GBP
1052,07/25/2023,2023-07-25 08:00:00 +0530,Tokyo,471.08,EUR
1053,20-09-2023,2023-09-20 08:00:00 PST,London,141.34,GBP
1054,11/22/2023,2023-11-22 13:00:00 +0000,S횄짙o Paulo,227.69,USD
1055,25-11-2023,2023-11-25 04:00:00 +0530,M횄쩌nchen,275.3,JPY
1056,09-06-2023,06-09-2023 13:00,M횄쩌nchen,266.49,USD
1057,16-06-2023,2023-06-16 14:00:00 +0000,M횄쩌nchen,355.77,JPY
1058,09/25/2023,2023-09-25 05:00:00 UTC,M횄쩌nchen,39.83,USD
1059,22-10-2023,2023-10-22 08:00:00 +0000,S횄짙o Paulo,393.83,JPY
1060,27-11-2023,2023-11-27 14:00:00 +0530,S횄짙o Paulo,302.68,JPY
1061,12/17/2023,2023-12-17 05:00:00 +0000,London,311.19,GBP
1062,03-12-2023,2023-12-03 15:00:00 UTC,Tokyo,76.71,USD
1063,12-08-2023,12-08-2023 15:00,S횄짙o Paulo,279.01,GBP
1064,23-06-2023,23-06-2023 20:00,Z횄쩌rich,369.1,EUR
1065,03-12-2023,2023-12-03 18:00:00 EST,Montr횄짤al,307.38,USD
1066,01-02-2023,2023-01-02 00:00:00 +0000,M횄쩌nchen,114.26,GBP
1067,10-08-2023,2023-08-10 21:00:00 +0000,Tokyo,67.04,EUR
1068,01-01-2023,2023-01-01 05:00:00 PST,Montr횄짤al,460.07,GBP
1069,10/21/2023,2023-10-21 10:00:00 EST,Tokyo,383.11,GBP
1070,08/17/2023,2023-08-17 21:00:00 UTC,S횄짙o Paulo,65.63,JPY
1071,11/25/2023,2023-11-25 16:00:00 +0530,Montr횄짤al,77.53,GBP
1072,26-12-2023,2023-12-26 20:00:00 +0000,Montr횄짤al,431.15,USD
1073,07/15/2023,2023-07-15 11:00:00 PST,Tokyo,281.6,EUR
1074,13-01-2023,2023-01-13 11:00:00 UTC,Montr횄짤al,317.48,EUR
1075,02-07-2023,2023-02-07 04:00:00 UTC,Paris,462.06,EUR
1076,04-05-2023,2023-05-04 11:00:00 +0530,Tokyo,462.14,USD
1077,09-07-2023,2023-07-09 20:00:00 +0530,Tokyo,89.6,EUR
1078,12-08-2023,12-08-2023 10:00,S횄짙o Paulo,193.04,JPY
1079,03-09-2023,2023-09-03 06:00:00 +0000,Montr횄짤al,377.27,EUR
1080,09-02-2023,2023-09-02 19:00:00 EST,Tokyo,254.55,JPY
1081,15-01-2023,2023-01-15 20:00:00 +0000,Paris,244,USD
1082,29-06-2023,29-06-2023 12:00,Paris,109.73,USD
1083,12/31/2023,2023-12-31 20:00:00 EST,London,479.65,JPY
1084,28-07-2023,2023-07-28 07:00:00 +0000,M횄쩌nchen,220.05,EUR
1085,08-03-2023,2023-03-08 11:00:00 PST,Z횄쩌rich,363.06,USD
1086,10-07-2023,10-07-2023 07:00,London,117.89,GBP
1087,01/19/2023,2023-01-19 17:00:00 UTC,M횄쩌nchen,423.81,JPY
1088,02-01-2023,2023-01-02 02:00:00 EST,M횄쩌nchen,330.54,JPY
1089,20-01-2023,2023-01-20 06:00:00 EST,Z횄쩌rich,446.86,USD
1090,29-06-2023,2023-06-29 17:00:00 EST,S횄짙o Paulo,270.56,USD
1091,11-01-2023,2023-01-11 15:00:00 +0530,S횄짙o Paulo,266.79,GBP
1092,06-03-2023,2023-06-03 13:00:00 UTC,New York,221.29,USD
1093,22-09-2023,2023-09-22 16:00:00 +0530,Paris,78.74,JPY
1094,12/13/2023,2023-12-13 04:00:00 EST,Montr횄짤al,193.54,JPY
1095,06-07-2023,06-07-2023 13:00,London,55.91,USD
1096,17-07-2023,2023-07-17 10:00:00 +0530,S횄짙o Paulo,214.07,JPY
1097,24-11-2023,2023-11-24 20:00:00 UTC,London,470.43,JPY
1098,29-09-2023,2023-09-29 18:00:00 UTC,Montr횄짤al,265.13,EUR
1099,16-02-2023,2023-02-16 01:00:00 EST,Z횄쩌rich,434.97,GBP
1100,12-06-2023,2023-12-06 06:00:00 UTC,Paris,353.39,USD
1101,14-07-2023,2023-07-14 20:00:00 UTC,New York,455.21,GBP
1102,06/29/2023,2023-06-29 17:00:00 UTC,Montr횄짤al,493.36,EUR
1103,27-10-2023,27-10-2023 17:00,Z횄쩌rich,430.25,EUR
1104,07-10-2023,2023-10-07 20:00:00 +0000,M횄쩌nchen,147.49,USD
1105,11-04-2023,2023-04-11 05:00:00 EST,New York,155.95,EUR
1106,12/30/2023,2023-12-30 12:00:00 +0530,M횄쩌nchen,198.07,JPY
1107,22-08-2023,2023-08-22 21:00:00 EST,M횄쩌nchen,19.17,JPY
1108,07-01-2023,07-01-2023 04:00,S횄짙o Paulo,229.06,USD
1109,09-12-2023,2023-09-12 05:00:00 +0000,Tokyo,389.2,EUR
1110,25-04-2023,25-04-2023 19:00,London,177.96,JPY
1111,21-02-2023,2023-02-21 07:00:00 UTC,Paris,421.62,EUR
1112,17-05-2023,2023-05-17 16:00:00 UTC,Paris,198.8,GBP
1113,06/28/2023,2023-06-28 23:00:00 UTC,New York,363.64,JPY
1114,07-06-2023,2023-06-07 01:00:00 +0000,M횄쩌nchen,243.06,USD
1115,07/30/2023,30-07-2023 03:00,M횄쩌nchen,423.86,JPY
1116,20-09-2023,2023-09-20 09:00:00 +0000,London,429,GBP
1117,26-08-2023,2023-08-26 13:00:00 +0530,Tokyo,200.84,EUR
1118,16-05-2023,16-05-2023 12:00,Montr횄짤al,202.49,EUR
1119,29-11-2023,2023-11-29 22:00:00 PST,New York,222.54,GBP
1120,10-11-2023,2023-11-10 16:00:00 PST,S횄짙o Paulo,331.08,EUR
1121,26-04-2023,2023-04-26 07:00:00 PST,Tokyo,92.92,USD
1122,15-06-2023,15-06-2023 03:00,M횄쩌nchen,60.99,JPY
1123,02/25/2023,2023-02-25 06:00:00 EST,Z횄쩌rich,165.85,JPY
1124,21-09-2023,2023-09-21 17:00:00 +0530,S횄짙o Paulo,162.83,GBP
1125,28-10-2023,2023-10-28 06:00:00 PST,Z횄쩌rich,367.36,USD
1126,05-04-2023,2023-04-05 08:00:00 +0530,London,432.58,EUR
1127,24-03-2023,2023-03-24 23:00:00 EST,London,441.5,USD
1128,28-09-2023,2023-09-28 07:00:00 +0530,S횄짙o Paulo,282.25,USD
1129,29-05-2023,2023-05-29 06:00:00 PST,Paris,369.2,USD
1130,23-07-2023,2023-07-23 11:00:00 +0000,M횄쩌nchen,198.3,GBP
1131,22-08-2023,2023-08-22 01:00:00 +0000,Tokyo,487.13,GBP
1132,01-01-2023,01-01-2023 20:00,London,335.98,JPY
1133,30-11-2023,30-11-2023 19:00,S횄짙o Paulo,388.09,USD
1134,17-07-2023,2023-07-17 12:00:00 +0530,London,223.03,EUR
1135,26-10-2023,2023-10-26 01:00:00 PST,S횄짙o Paulo,186.68,EUR
1136,24-09-2023,2023-09-24 13:00:00 +0000,M횄쩌nchen,37.78,EUR
1137,04-11-2023,2023-11-04 20:00:00 +0000,M횄쩌nchen,418.24,USD
1138,25-02-2023,2023-02-25 14:00:00 +0530,S횄짙o Paulo,406.63,EUR
1139,26-09-2023,2023-09-26 15:00:00 UTC,New York,166.65,GBP
1140,27-07-2023,27-07-2023 14:00,Montr횄짤al,36.26,JPY
1141,26-10-2023,2023-10-26 07:00:00 +0000,Tokyo,71.39,USD
1142,20-05-2023,2023-05-20 20:00:00 PST,Z횄쩌rich,362.74,USD
1143,20-02-2023,2023-02-20 21:00:00 PST,Montr횄짤al,90.61,JPY
1144,14-02-2023,2023-02-14 04:00:00 PST,Paris,109.56,USD
1145,09-02-2023,09-02-2023 23:00,Montr횄짤al,272.82,USD
1146,23-08-2023,2023-08-23 11:00:00 PST,S횄짙o Paulo,428.35,EUR
1147,25-03-2023,25-03-2023 19:00,S횄짙o Paulo,16.43,JPY
1148,23-12-2023,2023-12-23 20:00:00 UTC,Z횄쩌rich,286.58,GBP
1149,29-05-2023,2023-05-29 16:00:00 +0000,New York,173.32,JPY
1150,01-10-2023,01-10-2023 15:00,Montr횄짤al,189.87,EUR
1151,22-10-2023,2023-10-22 01:00:00 +0000,New York,276.51,JPY
1152,14-03-2023,2023-03-14 07:00:00 PST,Tokyo,77.94,EUR
1153,28-04-2023,2023-04-28 18:00:00 +0000,M횄쩌nchen,51.84,EUR
1154,29-05-2023,2023-05-29 01:00:00 +0000,M횄쩌nchen,264.3,EUR
1155,08/16/2023,2023-08-16 03:00:00 UTC,Paris,86.08,JPY
1156,06-04-2023,06-04-2023 05:00,Montr횄짤al,423.05,EUR
1157,14-05-2023,2023-05-14 17:00:00 +0000,Tokyo,311.83,USD
1158,04-08-2023,2023-08-04 03:00:00 PST,M횄쩌nchen,188.05,USD
1159,01-08-2023,2023-08-01 00:00:00 +0530,Z횄쩌rich,322.45,USD
1160,06/14/2023,2023-06-14 19:00:00 PST,New York,225.31,EUR
1161,27-11-2023,2023-11-27 20:00:00 PST,London,179.48,GBP
1162,25-03-2023,2023-03-25 07:00:00 PST,M횄쩌nchen,161.15,EUR
1163,21-07-2023,2023-07-21 00:00:00 UTC,Z횄쩌rich,45.08,USD
1164,07-10-2023,2023-10-07 22:00:00 EST,Z횄쩌rich,51.57,USD
1165,01/18/2023,2023-01-18 10:00:00 +0530,New York,81,GBP
1166,23-02-2023,23-02-2023 05:00,Z횄쩌rich,444.29,JPY
1167,17-03-2023,2023-03-17 03:00:00 +0000,S횄짙o Paulo,81.23,JPY
1168,08-08-2023,2023-08-08 19:00:00 PST,Montr횄짤al,292.75,JPY
1169,04-06-2023,2023-04-06 17:00:00 UTC,S횄짙o Paulo,378.13,EUR
1170,19-08-2023,19-08-2023 11:00,M횄쩌nchen,393.31,USD
1171,20-10-2023,2023-10-20 06:00:00 +0530,New York,131.76,GBP
1172,10/31/2023,31-10-2023 05:00,Paris,372.61,USD
1173,01/17/2023,2023-01-17 09:00:00 +0000,New York,83.09,GBP
1174,03-01-2023,03-01-2023 18:00,Paris,18.11,GBP
1175,21-12-2023,2023-12-21 18:00:00 +0530,Tokyo,222.54,JPY
1176,28-11-2023,2023-11-28 08:00:00 +0000,S횄짙o Paulo,108.3,JPY
1177,26-03-2023,2023-03-26 23:00:00 EST,M횄쩌nchen,389.97,EUR
1178,15-04-2023,15-04-2023 23:00,M횄쩌nchen,346.52,GBP
1179,08-06-2023,2023-08-06 03:00:00 UTC,Z횄쩌rich,118.57,JPY
1180,29-03-2023,2023-03-29 10:00:00 PST,Tokyo,390.39,USD
1181,12-09-2023,2023-12-09 08:00:00 UTC,London,83.05,USD
1182,15-10-2023,15-10-2023 20:00,Z횄쩌rich,88.38,USD
1183,04-08-2023,2023-08-04 08:00:00 +0000,Z횄쩌rich,476.23,EUR
1184,28-11-2023,2023-11-28 06:00:00 UTC,Montr횄짤al,130.96,GBP
1185,04-11-2023,2023-11-04 03:00:00 UTC,New York,464.2,EUR
1186,11/19/2023,2023-11-19 02:00:00 +0530,S횄짙o Paulo,230.56,EUR
1187,12-07-2023,2023-12-07 14:00:00 UTC,Tokyo,48.84,JPY
1188,04-05-2023,2023-04-05 02:00:00 UTC,S횄짙o Paulo,291.99,JPY
1189,11-05-2023,2023-11-05 13:00:00 PST,Tokyo,442.46,JPY
1190,22-08-2023,2023-08-22 22:00:00 UTC,New York,434.55,USD
1191,09/15/2023,15-09-2023 01:00,London,399.82,EUR
1192,22-03-2023,2023-03-22 15:00:00 +0000,Paris,61.13,USD
1193,27-01-2023,27-01-2023 11:00,Montr횄짤al,450.2,JPY
1194,25-01-2023,2023-01-25 13:00:00 +0530,S횄짙o Paulo,360.94,EUR
1195,10/28/2023,2023-10-28 15:00:00 +0530,Paris,282.17,EUR
1196,07-03-2023,2023-07-03 02:00:00 +0530,Z횄쩌rich,22.59,JPY
1197,11-09-2023,2023-09-11 15:00:00 PST,S횄짙o Paulo,69.85,USD
1198,09-12-2023,2023-12-09 11:00:00 EST,S횄짙o Paulo,365.6,JPY
1199,27-03-2023,2023-03-27 12:00:00 +0000,M횄쩌nchen,399.26,GBP
1200,18-01-2023,2023-01-18 04:00:00 +0000,Paris,321.67,USD
1201,05/26/2023,2023-05-26 03:00:00 UTC,Tokyo,141.54,EUR
1202,07/25/2023,2023-07-25 19:00:00 UTC,Paris,298.14,USD
1203,08-08-2023,2023-08-08 19:00:00 UTC,New York,49.54,JPY
1204,08-02-2023,2023-02-08 10:00:00 +0530,Tokyo,129.54,USD
1205,07/23/2023,2023-07-23 02:00:00 EST,Tokyo,497.58,GBP
1206,04-06-2023,2023-04-06 00:00:00 PST,New York,364.64,JPY
1207,28-07-2023,28-07-2023 17:00,Montr횄짤al,468.35,EUR
1208,20-03-2023,2023-03-20 17:00:00 +0000,M횄쩌nchen,362.29,USD
1209,24-03-2023,2023-03-24 02:00:00 PST,London,29.87,GBP
1210,08/17/2023,2023-08-17 12:00:00 PST,Paris,114.91,GBP
1211,26-10-2023,2023-10-26 08:00:00 EST,Montr횄짤al,250.86,JPY
1212,02/26/2023,26-02-2023 17:00,Paris,422,EUR
1213,24-11-2023,2023-11-24 17:00:00 +0000,Montr횄짤al,252.33,JPY
1214,03-12-2023,2023-03-12 01:00:00 +0530,M횄쩌nchen,46.63,GBP
1215,08/20/2023,2023-08-20 23:00:00 +0000,Montr횄짤al,417.13,JPY
1216,12-09-2023,2023-09-12 19:00:00 UTC,Z횄쩌rich,21.78,GBP
1217,26-11-2023,2023-11-26 15:00:00 UTC,London,72.98,EUR
1218,06-06-2023,2023-06-06 18:00:00 PST,Montr횄짤al,463.99,JPY
1219,12-06-2023,2023-06-12 09:00:00 PST,Paris,449.62,GBP
1220,09-12-2023,2023-12-09 09:00:00 +0530,Paris,159.37,GBP
1221,04-01-2023,2023-01-04 14:00:00 PST,M횄쩌nchen,462.56,USD
1222,03-02-2023,2023-02-03 10:00:00 PST,New York,262.89,EUR
1223,10/21/2023,2023-10-21 04:00:00 UTC,Z횄쩌rich,14.89,JPY
1224,11-06-2023,11-06-2023 13:00,Paris,396.2,EUR
1225,23-03-2023,2023-03-23 01:00:00 EST,Montr횄짤al,230.2,JPY
1226,07-10-2023,2023-07-10 20:00:00 +0000,London,351.31,GBP
1227,18-07-2023,2023-07-18 01:00:00 +0530,Montr횄짤al,235.42,USD
1228,06-12-2023,2023-12-06 04:00:00 +0530,S횄짙o Paulo,396.44,USD
1229,20-08-2023,2023-08-20 01:00:00 +0530,Montr횄짤al,451.26,USD
1230,14-01-2023,2023-01-14 05:00:00 +0530,Montr횄짤al,258.12,EUR
1231,09-08-2023,2023-08-09 05:00:00 PST,Tokyo,295.88,GBP
1232,31-05-2023,2023-05-31 20:00:00 EST,M횄쩌nchen,409.98,EUR
1233,03-01-2023,2023-03-01 17:00:00 +0530,New York,352.87,JPY
1234,26-10-2023,2023-10-26 09:00:00 EST,New York,437.05,GBP
1235,07-09-2023,07-09-2023 11:00,M횄쩌nchen,121.58,USD
1236,05-08-2023,2023-08-05 19:00:00 UTC,New York,202.78,USD
1237,13-05-2023,13-05-2023 18:00,Paris,137.3,GBP
1238,07-02-2023,2023-07-02 03:00:00 PST,Tokyo,67.25,EUR
1239,01-07-2023,2023-01-07 03:00:00 +0530,Paris,178.25,JPY
1240,12/16/2023,2023-12-16 00:00:00 +0530,Tokyo,139.04,EUR
1241,18-05-2023,2023-05-18 15:00:00 UTC,London,46.24,USD
1242,03-05-2023,2023-05-03 14:00:00 +0000,Z횄쩌rich,445.34,JPY
1243,19-11-2023,2023-11-19 05:00:00 PST,New York,380.88,JPY
1244,11/27/2023,2023-11-27 12:00:00 PST,Z횄쩌rich,209.24,USD
1245,06-06-2023,2023-06-06 09:00:00 EST,New York,257.47,EUR
1246,19-02-2023,2023-02-19 10:00:00 +0530,Paris,220.42,USD
1247,18-10-2023,2023-10-18 23:00:00 EST,London,148.28,JPY
1248,03-07-2023,2023-07-03 01:00:00 +0000,Paris,153.44,JPY
1249,28-02-2023,28-02-2023 17:00,Paris,330.43,JPY
1250,11-04-2023,2023-11-04 05:00:00 UTC,Tokyo,118.77,USD
1251,07-08-2023,2023-08-07 10:00:00 +0530,M횄쩌nchen,278.48,JPY
1252,25-11-2023,25-11-2023 02:00,New York,469.85,JPY
1253,11/22/2023,2023-11-22 17:00:00 +0530,Montr횄짤al,368.7,EUR
1254,02/22/2023,2023-02-22 17:00:00 +0530,Tokyo,56.85,GBP
1255,11-11-2023,2023-11-11 23:00:00 +0530,Paris,45.46,GBP
1256,27-04-2023,2023-04-27 04:00:00 PST,Z횄쩌rich,473.82,JPY
1257,06-04-2023,2023-04-06 16:00:00 +0530,Paris,266.96,USD
1258,26-02-2023,2023-02-26 18:00:00 PST,Z횄쩌rich,193.18,GBP
1259,10/17/2023,17-10-2023 00:00,Paris,121.58,JPY
1260,29-08-2023,2023-08-29 07:00:00 EST,Tokyo,182,USD
1261,09-03-2023,2023-03-09 03:00:00 +0530,S횄짙o Paulo,51.68,EUR
1262,10-11-2023,10-11-2023 20:00,London,342.39,JPY
1263,03-03-2023,2023-03-03 19:00:00 EST,London,106.73,JPY
1264,15-11-2023,2023-11-15 02:00:00 EST,M횄쩌nchen,237.17,USD
1265,08-01-2023,2023-01-08 06:00:00 EST,Paris,411.9,GBP
1266,08/16/2023,2023-08-16 21:00:00 +0000,London,99.31,JPY
1267,03/31/2023,2023-03-31 20:00:00 +0530,New York,303.79,GBP
1268,06-07-2023,2023-06-07 07:00:00 PST,Tokyo,483.33,JPY
1269,24-01-2023,2023-01-24 22:00:00 PST,London,436.91,EUR
1270,05-10-2023,2023-10-05 04:00:00 +0000,New York,86.96,GBP
1271,30-04-2023,2023-04-30 20:00:00 EST,M횄쩌nchen,161.62,JPY
1272,13-02-2023,13-02-2023 05:00,Paris,180.16,EUR
1273,09/13/2023,2023-09-13 13:00:00 UTC,M횄쩌nchen,444.73,EUR
1274,04/21/2023,2023-04-21 02:00:00 +0000,Paris,118.49,EUR
1275,06-07-2023,06-07-2023 10:00,Paris,119.27,GBP
1276,07-11-2023,2023-11-07 00:00:00 EST,Montr횄짤al,462.32,JPY
1277,08/28/2023,2023-08-28 22:00:00 +0000,S횄짙o Paulo,445.11,JPY
1278,08-07-2023,2023-08-07 21:00:00 PST,London,120.98,GBP
1279,16-09-2023,2023-09-16 09:00:00 +0530,M횄쩌nchen,298.96,EUR
1280,24-05-2023,2023-05-24 19:00:00 UTC,S횄짙o Paulo,266.83,USD
1281,02-06-2023,2023-06-02 01:00:00 +0530,Tokyo,89.01,USD
1282,28-03-2023,2023-03-28 17:00:00 +0000,Paris,438.87,GBP
1283,12-04-2023,2023-04-12 18:00:00 +0530,S횄짙o Paulo,327.64,USD
1284,02/16/2023,2023-02-16 13:00:00 EST,Paris,125.36,GBP
1285,05-06-2023,2023-06-05 02:00:00 PST,S횄짙o Paulo,362.52,EUR
1286,04-03-2023,2023-04-03 06:00:00 PST,Tokyo,11.03,EUR
1287,23-08-2023,23-08-2023 04:00,London,395.55,USD
1288,22-05-2023,2023-05-22 23:00:00 +0530,Z횄쩌rich,150.47,EUR
1289,09-05-2023,2023-09-05 21:00:00 +0000,London,487.09,GBP
1290,19-11-2023,2023-11-19 09:00:00 EST,Z횄쩌rich,144.79,EUR
1291,09-07-2023,07-09-2023 13:00,M횄쩌nchen,263.24,JPY
1292,20-04-2023,20-04-2023 00:00,New York,282.88,USD
1293,05-01-2023,2023-05-01 17:00:00 +0000,S횄짙o Paulo,249.42,USD
1294,10-01-2023,2023-10-01 13:00:00 PST,Montr횄짤al,193.71,EUR
1295,01-07-2023,2023-01-07 12:00:00 EST,Tokyo,339.31,JPY
1296,16-07-2023,2023-07-16 02:00:00 +0530,Z횄쩌rich,31.32,GBP
1297,30-04-2023,2023-04-30 02:00:00 +0530,Montr횄짤al,20.65,GBP
1298,28-09-2023,2023-09-28 09:00:00 PST,M횄쩌nchen,16.48,USD
1299,10/19/2023,2023-10-19 20:00:00 PST,Z횄쩌rich,276.2,USD
1300,18-09-2023,18-09-2023 15:00,New York,496.31,USD
1301,09/23/2023,2023-09-23 10:00:00 UTC,S횄짙o Paulo,30.7,JPY
1302,10-07-2023,2023-07-10 10:00:00 +0530,New York,271.27,JPY
1303,24-03-2023,2023-03-24 22:00:00 +0530,Montr횄짤al,303.49,EUR
1304,08/26/2023,2023-08-26 21:00:00 +0000,New York,482.52,USD
1305,12-03-2023,2023-03-12 08:00:00 EST,New York,107.7,EUR
1306,15-08-2023,2023-08-15 04:00:00 PST,Tokyo,461.22,JPY
1307,15-03-2023,2023-03-15 04:00:00 PST,Paris,405.74,USD
1308,26-07-2023,2023-07-26 22:00:00 PST,New York,376.6,EUR
1309,13-03-2023,2023-03-13 01:00:00 EST,M횄쩌nchen,127.22,USD
1310,03-08-2023,2023-08-03 07:00:00 EST,New York,207.38,USD
1311,11-02-2023,2023-02-11 21:00:00 EST,Tokyo,422.18,EUR
1312,24-12-2023,2023-12-24 02:00:00 EST,London,151.38,USD
1313,31-05-2023,2023-05-31 08:00:00 EST,S횄짙o Paulo,152.73,USD
1314,21-02-2023,2023-02-21 13:00:00 +0000,Z횄쩌rich,482.46,USD
1315,29-10-2023,2023-10-29 01:00:00 PST,S횄짙o Paulo,14.03,USD
1316,04-11-2023,2023-11-04 12:00:00 UTC,Paris,308.48,EUR
1317,19-10-2023,2023-10-19 22:00:00 UTC,Paris,245.93,JPY
1318,13-03-2023,2023-03-13 20:00:00 +0530,Montr횄짤al,343.63,GBP
1319,29-01-2023,29-01-2023 11:00,Paris,416.76,GBP
1320,07/18/2023,18-07-2023 00:00,Montr횄짤al,471.67,JPY
1321,03-09-2023,03-09-2023 03:00,M횄쩌nchen,282.39,GBP
1322,06-12-2023,2023-12-06 12:00:00 UTC,Montr횄짤al,191.61,USD
1323,10-10-2023,2023-10-10 11:00:00 UTC,Paris,82.17,JPY
1324,15-12-2023,2023-12-15 08:00:00 UTC,Paris,213.96,USD
1325,04-03-2023,2023-04-03 18:00:00 UTC,S횄짙o Paulo,264.21,EUR
1326,05-11-2023,11-05-2023 00:00,Tokyo,78.37,USD
1327,26-07-2023,2023-07-26 06:00:00 EST,London,242.44,GBP
1328,07-12-2023,2023-12-07 00:00:00 +0530,New York,460.03,JPY
1329,11/30/2023,2023-11-30 00:00:00 EST,M횄쩌nchen,200.89,EUR
1330,04-10-2023,2023-10-04 18:00:00 UTC,Tokyo,175.38,EUR
1331,18-08-2023,2023-08-18 11:00:00 +0530,Montr횄짤al,25.35,GBP
1332,12/20/2023,20-12-2023 23:00,Paris,485.39,USD
1333,06/17/2023,2023-06-17 09:00:00 +0000,Z횄쩌rich,480.77,GBP
1334,09-05-2023,2023-09-05 11:00:00 +0530,Tokyo,278.68,JPY
1335,27-12-2023,2023-12-27 17:00:00 PST,M횄쩌nchen,372.5,JPY
1336,21-08-2023,2023-08-21 20:00:00 +0530,Tokyo,376.78,JPY
1337,07-09-2023,2023-09-07 18:00:00 +0530,Montr횄짤al,355.07,GBP
1338,02-11-2023,2023-11-02 19:00:00 +0000,Tokyo,457.2,EUR
1339,15-08-2023,15-08-2023 17:00,M횄쩌nchen,313.71,USD
1340,02-10-2023,2023-10-02 09:00:00 EST,Paris,286.19,USD
1341,08-02-2023,2023-02-08 05:00:00 +0530,Tokyo,17.47,JPY
1342,08-02-2023,02-08-2023 08:00,New York,50.95,GBP
1343,08-05-2023,08-05-2023 00:00,Tokyo,121.34,EUR
1344,09/26/2023,2023-09-26 21:00:00 +0530,Montr횄짤al,268.86,EUR
1345,05-04-2023,2023-05-04 01:00:00 UTC,Z횄쩌rich,368.58,EUR
1346,15-01-2023,2023-01-15 16:00:00 EST,S횄짙o Paulo,373.02,JPY
1347,16-09-2023,2023-09-16 23:00:00 +0000,Montr횄짤al,240.98,JPY
1348,22-11-2023,2023-11-22 10:00:00 PST,Montr횄짤al,272.13,GBP
1349,02-02-2023,2023-02-02 05:00:00 +0530,Paris,246.11,EUR
1350,07-05-2023,07-05-2023 03:00,Tokyo,115.09,JPY
1351,09-07-2023,2023-07-09 04:00:00 UTC,New York,328.36,GBP
1352,12/31/2023,2023-12-31 04:00:00 UTC,S횄짙o Paulo,404.46,EUR
1353,09-10-2023,2023-10-09 15:00:00 +0530,M횄쩌nchen,180.16,GBP
1354,01/26/2023,2023-01-26 10:00:00 PST,S횄짙o Paulo,133.29,EUR
1355,26-03-2023,2023-03-26 12:00:00 +0530,New York,124.44,EUR
1356,09-12-2023,2023-12-09 08:00:00 PST,London,27.21,GBP
1357,08-01-2023,2023-01-08 08:00:00 EST,M횄쩌nchen,91.6,GBP
1358,05/24/2023,2023-05-24 10:00:00 PST,New York,423.84,JPY
1359,24-08-2023,2023-08-24 10:00:00 +0000,S횄짙o Paulo,179.15,USD
1360,06/20/2023,2023-06-20 20:00:00 +0000,Tokyo,34.67,GBP
1361,17-10-2023,2023-10-17 21:00:00 EST,New York,204.21,GBP
1362,29-08-2023,2023-08-29 04:00:00 PST,M횄쩌nchen,20.2,GBP
1363,12-11-2023,2023-12-11 18:00:00 UTC,Z횄쩌rich,116.89,USD
1364,13-03-2023,13-03-2023 10:00,Z횄쩌rich,419.08,JPY
1365,01/27/2023,2023-01-27 15:00:00 EST,M횄쩌nchen,145.64,JPY
1366,01-09-2023,2023-09-01 10:00:00 UTC,London,32.68,JPY
1367,16-01-2023,2023-01-16 17:00:00 EST,New York,255.37,EUR
1368,20-06-2023,20-06-2023 11:00,Montr횄짤al,423.26,EUR
1369,25-07-2023,25-07-2023 10:00,S횄짙o Paulo,40.21,JPY
1370,12/14/2023,14-12-2023 15:00,S횄짙o Paulo,168.46,JPY
1371,26-07-2023,2023-07-26 05:00:00 EST,Montr횄짤al,493.22,GBP
1372,08/23/2023,2023-08-23 13:00:00 +0000,S횄짙o Paulo,66.76,USD
1373,25-09-2023,25-09-2023 04:00,M횄쩌nchen,30.18,USD
1374,14-08-2023,2023-08-14 10:00:00 EST,London,117.16,GBP
1375,28-12-2023,2023-12-28 12:00:00 +0000,New York,187.57,GBP
1376,10-01-2023,2023-01-10 14:00:00 PST,M횄쩌nchen,219.56,GBP
1377,04-11-2023,2023-04-11 04:00:00 +0530,New York,496.98,EUR
1378,29-08-2023,2023-08-29 20:00:00 PST,New York,329.87,EUR
1379,20-02-2023,2023-02-20 23:00:00 +0530,Paris,295.69,GBP
1380,03-06-2023,2023-06-03 16:00:00 UTC,New York,340.83,EUR
1381,02-11-2023,2023-11-02 01:00:00 +0530,Z횄쩌rich,404.61,USD
1382,02-09-2023,2023-09-02 15:00:00 +0530,Montr횄짤al,252.38,JPY
1383,04/17/2023,2023-04-17 06:00:00 +0530,Montr횄짤al,153.36,USD
1384,01-08-2023,08-01-2023 00:00,Z횄쩌rich,495.83,EUR
1385,07/17/2023,2023-07-17 08:00:00 EST,Tokyo,135.6,EUR
1386,12/22/2023,2023-12-22 05:00:00 +0000,New York,87.83,USD
1387,15-04-2023,2023-04-15 18:00:00 +0530,Tokyo,388.6,GBP
1388,16-03-2023,2023-03-16 17:00:00 PST,M횄쩌nchen,181.44,EUR
1389,22-06-2023,2023-06-22 19:00:00 UTC,Paris,66.98,EUR
1390,08-01-2023,2023-08-01 06:00:00 +0530,M횄쩌nchen,410.43,EUR
1391,04/28/2023,2023-04-28 23:00:00 EST,New York,402.64,JPY
1392,21-09-2023,21-09-2023 16:00,Z횄쩌rich,168.22,JPY
1393,08/30/2023,2023-08-30 10:00:00 EST,Z횄쩌rich,462.98,EUR
1394,07-08-2023,2023-08-07 12:00:00 EST,New York,494.36,EUR
1395,05/26/2023,2023-05-26 01:00:00 +0000,S횄짙o Paulo,401.17,USD
1396,09-04-2023,2023-04-09 00:00:00 +0530,Montr횄짤al,322.81,USD
1397,29-08-2023,2023-08-29 08:00:00 EST,New York,355.54,GBP
1398,05/17/2023,2023-05-17 20:00:00 EST,Montr횄짤al,419.96,GBP
1399,08-08-2023,2023-08-08 06:00:00 PST,Paris,313.65,GBP
1400,25-12-2023,25-12-2023 16:00,London,111.68,USD
1401,06-01-2023,2023-01-06 16:00:00 +0530,Montr횄짤al,82.55,USD
1402,04-02-2023,2023-02-04 06:00:00 PST,S횄짙o Paulo,451.73,GBP
1403,04-09-2023,2023-09-04 08:00:00 +0000,Tokyo,302.86,JPY
1404,05/18/2023,18-05-2023 01:00,London,111.8,GBP
1405,31-12-2023,2023-12-31 06:00:00 UTC,Tokyo,140.38,GBP
1406,30-01-2023,30-01-2023 16:00,Z횄쩌rich,366.32,JPY
1407,17-05-2023,2023-05-17 14:00:00 PST,Tokyo,325.36,JPY
1408,26-10-2023,2023-10-26 05:00:00 UTC,Z횄쩌rich,226.4,GBP
1409,24-09-2023,2023-09-24 08:00:00 +0000,Z횄쩌rich,128.04,GBP
1410,22-08-2023,2023-08-22 09:00:00 PST,Montr횄짤al,104.11,GBP
1411,10-10-2023,2023-10-10 08:00:00 +0000,Tokyo,305.11,EUR
1412,07-02-2023,07-02-2023 10:00,Tokyo,141.53,USD
1413,10-06-2023,2023-06-10 17:00:00 +0000,New York,193.34,JPY
1414,09-06-2023,2023-06-09 22:00:00 EST,S횄짙o Paulo,41.4,EUR
1415,11-04-2023,2023-04-11 23:00:00 +0530,M횄쩌nchen,146.68,USD
1416,11-12-2023,2023-11-12 09:00:00 +0000,S횄짙o Paulo,398.28,EUR
1417,06/16/2023,2023-06-16 16:00:00 UTC,Paris,192.91,GBP
1418,08/14/2023,2023-08-14 06:00:00 +0000,Montr횄짤al,223.85,JPY
1419,07/20/2023,20-07-2023 16:00,M횄쩌nchen,128.19,GBP
1420,12-04-2023,2023-04-12 23:00:00 EST,Z횄쩌rich,81.19,EUR
1421,06-08-2023,2023-08-06 19:00:00 PST,London,140.53,EUR
1422,20-10-2023,2023-10-20 15:00:00 UTC,New York,119.99,EUR
1423,24-11-2023,2023-11-24 23:00:00 +0000,Z횄쩌rich,212.01,EUR
1424,23-04-2023,23-04-2023 21:00,Tokyo,46.46,GBP
1425,16-10-2023,2023-10-16 00:00:00 +0000,S횄짙o Paulo,327.5,USD
1426,17-03-2023,2023-03-17 07:00:00 UTC,M횄쩌nchen,26.32,JPY
1427,05/25/2023,2023-05-25 12:00:00 +0530,London,304.02,JPY
1428,17-11-2023,2023-11-17 12:00:00 +0000,London,278.31,USD
1429,16-01-2023,2023-01-16 18:00:00 EST,Montr횄짤al,95.05,JPY
1430,08-10-2023,2023-10-08 18:00:00 PST,Paris,160.66,EUR
1431,11/15/2023,15-11-2023 04:00,M횄쩌nchen,408.1,JPY
1432,11-05-2023,2023-05-11 05:00:00 EST,New York,487.27,USD
1433,03/28/2023,2023-03-28 18:00:00 PST,Tokyo,24.83,JPY
1434,12-09-2023,2023-12-09 04:00:00 +0530,M횄쩌nchen,353,USD
1435,12/31/2023,2023-12-31 17:00:00 +0000,Tokyo,74.47,JPY
1436,15-11-2023,2023-11-15 11:00:00 PST,S횄짙o Paulo,131.78,EUR
1437,16-03-2023,2023-03-16 03:00:00 EST,Z횄쩌rich,405.56,GBP
1438,11-01-2023,2023-01-11 16:00:00 PST,London,321.64,USD
1439,20-10-2023,2023-10-20 20:00:00 EST,London,388.58,USD
1440,05-06-2023,2023-06-05 16:00:00 PST,M횄쩌nchen,372.89,EUR
1441,22-03-2023,22-03-2023 18:00,Paris,45.36,JPY
1442,12-05-2023,2023-12-05 02:00:00 UTC,London,159.51,EUR
1443,02-11-2023,2023-11-02 23:00:00 UTC,Tokyo,418.62,GBP
1444,24-03-2023,2023-03-24 09:00:00 +0000,M횄쩌nchen,492.83,GBP
1445,11-03-2023,2023-03-11 22:00:00 +0000,Montr횄짤al,359.98,EUR
1446,07-07-2023,2023-07-07 17:00:00 EST,Montr횄짤al,214.47,JPY
1447,10-04-2023,2023-04-10 18:00:00 EST,Montr횄짤al,348.42,USD
1448,20-02-2023,2023-02-20 07:00:00 +0530,M횄쩌nchen,273.98,JPY
1449,25-09-2023,2023-09-25 20:00:00 PST,Paris,497.21,USD
1450,23-12-2023,2023-12-23 12:00:00 +0000,S횄짙o Paulo,426.58,JPY
1451,21-02-2023,2023-02-21 06:00:00 PST,Z횄쩌rich,183.93,JPY
1452,28-09-2023,2023-09-28 19:00:00 +0000,M횄쩌nchen,93.72,USD
1453,26-05-2023,2023-05-26 23:00:00 +0000,Z횄쩌rich,276.12,JPY
1454,07/31/2023,2023-07-31 03:00:00 +0530,New York,121.72,USD
1455,05-02-2023,2023-02-05 11:00:00 +0000,London,90.51,EUR
1456,19-11-2023,19-11-2023 18:00,S횄짙o Paulo,123.62,USD
1457,05-04-2023,2023-04-05 14:00:00 UTC,New York,470.24,JPY
1458,10-06-2023,2023-10-06 01:00:00 PST,S횄짙o Paulo,292.37,EUR
1459,09-10-2023,10-09-2023 01:00,Tokyo,398.82,USD
1460,07-06-2023,07-06-2023 21:00,Tokyo,98.12,JPY
1461,25-05-2023,2023-05-25 07:00:00 EST,Paris,374,USD
1462,10-08-2023,2023-08-10 00:00:00 +0530,S횄짙o Paulo,134.2,GBP
1463,15-11-2023,2023-11-15 06:00:00 EST,Tokyo,240.93,JPY
1464,01-05-2023,2023-05-01 18:00:00 +0000,S횄짙o Paulo,151.92,GBP
1465,31-08-2023,2023-08-31 11:00:00 +0530,S횄짙o Paulo,180.91,EUR
1466,26-11-2023,2023-11-26 04:00:00 +0000,London,499.98,EUR
1467,10-12-2023,2023-10-12 02:00:00 UTC,Montr횄짤al,35.05,USD
1468,23-01-2023,2023-01-23 07:00:00 EST,S횄짙o Paulo,212.02,JPY
1469,02-07-2023,2023-02-07 13:00:00 UTC,S횄짙o Paulo,278.47,GBP
1470,30-12-2023,2023-12-30 01:00:00 +0530,Z횄쩌rich,273.62,EUR
1471,16-02-2023,2023-02-16 15:00:00 UTC,Montr횄짤al,320.45,EUR
1472,18-01-2023,2023-01-18 12:00:00 +0530,Tokyo,239.76,JPY
1473,02-02-2023,02-02-2023 14:00,London,239.95,JPY
1474,30-11-2023,2023-11-30 07:00:00 +0000,Montr횄짤al,499.73,GBP
1475,11/29/2023,2023-11-29 18:00:00 +0530,Paris,74.12,GBP
1476,22-01-2023,2023-01-22 22:00:00 +0000,London,265.25,GBP
1477,26-10-2023,2023-10-26 14:00:00 UTC,London,480.5,USD
1478,04-06-2023,2023-04-06 22:00:00 PST,Montr횄짤al,91.07,JPY
1479,22-03-2023,2023-03-22 06:00:00 EST,S횄짙o Paulo,200.01,USD
1480,03-11-2023,2023-03-11 11:00:00 EST,London,107.86,EUR
1481,03/15/2023,2023-03-15 12:00:00 PST,Z횄쩌rich,484.85,USD
1482,02-05-2023,2023-05-02 14:00:00 EST,Tokyo,469.01,GBP
1483,14-08-2023,2023-08-14 17:00:00 +0000,S횄짙o Paulo,453.43,JPY
1484,17-12-2023,2023-12-17 21:00:00 PST,Paris,220.28,USD
1485,01/14/2023,2023-01-14 01:00:00 +0000,London,275.44,GBP
1486,25-10-2023,2023-10-25 18:00:00 UTC,New York,10.11,USD
1487,10-07-2023,2023-07-10 19:00:00 EST,M횄쩌nchen,390.24,EUR
1488,12-10-2023,2023-10-12 23:00:00 UTC,Z횄쩌rich,201.8,GBP
1489,05-09-2023,2023-09-05 04:00:00 PST,S횄짙o Paulo,213.28,GBP
1490,09-12-2023,2023-09-12 18:00:00 +0530,Montr횄짤al,413.77,USD
1491,05/23/2023,23-05-2023 11:00,Tokyo,421.62,JPY
1492,14-04-2023,2023-04-14 21:00:00 UTC,S횄짙o Paulo,71.13,EUR
1493,08-08-2023,2023-08-08 09:00:00 PST,Tokyo,27.86,EUR
1494,05-02-2023,2023-02-05 23:00:00 PST,New York,328.15,GBP
1495,10-12-2023,2023-10-12 20:00:00 +0000,M횄쩌nchen,457.98,JPY
1496,11-08-2023,2023-08-11 14:00:00 UTC,New York,77.77,EUR
1497,04-06-2023,06-04-2023 01:00,Z횄쩌rich,168.8,EUR
1498,11-04-2023,2023-04-11 07:00:00 EST,Tokyo,27.79,JPY
1499,05-07-2023,2023-07-05 09:00:00 +0530,New York,43.03,JPY
1500,02-08-2023,2023-02-08 04:00:00 EST,New York,31.38,EUR
1501,01-05-2023,05-01-2023 04:00,Paris,165.25,EUR
1502,17-08-2023,2023-08-17 11:00:00 PST,Tokyo,427.61,GBP
1503,19-05-2023,2023-05-19 13:00:00 PST,Tokyo,489.63,GBP
1504,31-12-2023,2023-12-31 12:00:00 PST,New York,479.53,GBP
1505,08-12-2023,2023-08-12 18:00:00 PST,S횄짙o Paulo,428.02,EUR
1506,01/15/2023,2023-01-15 16:00:00 PST,New York,41.2,EUR
1507,22-05-2023,2023-05-22 16:00:00 +0530,Z횄쩌rich,286.46,USD
1508,01-11-2023,2023-11-01 20:00:00 +0530,New York,402.75,USD
1509,06-11-2023,2023-06-11 00:00:00 EST,S횄짙o Paulo,371.48,GBP
1510,17-02-2023,2023-02-17 14:00:00 +0000,London,171.44,GBP
1511,02-12-2023,2023-12-02 00:00:00 PST,Montr횄짤al,197.29,GBP
1512,04-03-2023,2023-03-04 20:00:00 UTC,Paris,97.63,USD
1513,09-09-2023,09-09-2023 19:00,Montr횄짤al,48.75,GBP
1514,26-11-2023,26-11-2023 12:00,Paris,151.44,EUR
1515,22-12-2023,2023-12-22 03:00:00 +0530,London,289.48,EUR
1516,03-11-2023,03-11-2023 22:00,New York,45.77,EUR
1517,28-05-2023,2023-05-28 02:00:00 UTC,New York,86.26,USD
1518,13-03-2023,2023-03-13 16:00:00 PST,New York,455.14,USD
1519,10-11-2023,2023-11-10 06:00:00 EST,New York,66.93,GBP
1520,02-10-2023,2023-10-02 14:00:00 +0530,Montr횄짤al,367.58,EUR
1521,01/30/2023,2023-01-30 14:00:00 +0000,S횄짙o Paulo,160.44,JPY
1522,19-05-2023,2023-05-19 02:00:00 EST,Z횄쩌rich,314.68,GBP
1523,14-09-2023,2023-09-14 13:00:00 +0530,Z횄쩌rich,462.78,GBP
1524,11-08-2023,2023-08-11 07:00:00 UTC,S횄짙o Paulo,249.98,EUR
1525,28-10-2023,2023-10-28 22:00:00 UTC,S횄짙o Paulo,107.73,GBP
1526,26-05-2023,2023-05-26 15:00:00 PST,London,408.07,GBP
1527,07/14/2023,2023-07-14 07:00:00 PST,London,421.68,EUR
1528,12-10-2023,2023-10-12 20:00:00 EST,New York,181.6,USD
1529,13-11-2023,2023-11-13 02:00:00 UTC,Montr횄짤al,421.05,USD
1530,06-12-2023,06-12-2023 14:00,Tokyo,389.62,EUR
1531,05-08-2023,2023-08-05 17:00:00 PST,Tokyo,213.51,GBP
1532,11/29/2023,2023-11-29 13:00:00 +0000,Montr횄짤al,78.71,GBP
1533,07-03-2023,2023-03-07 23:00:00 EST,Montr횄짤al,223.29,GBP
1534,07-02-2023,2023-07-02 02:00:00 +0530,Paris,463.72,USD
1535,27-04-2023,2023-04-27 21:00:00 +0000,Montr횄짤al,314.93,GBP
1536,03/17/2023,2023-03-17 20:00:00 EST,M횄쩌nchen,110.33,JPY
1537,01/31/2023,2023-01-31 12:00:00 UTC,M횄쩌nchen,230.1,JPY
1538,13-09-2023,13-09-2023 01:00,London,205.01,USD
1539,03/31/2023,31-03-2023 20:00,Paris,171,JPY
1540,08-04-2023,2023-04-08 04:00:00 +0000,London,395.16,USD
1541,12-11-2023,2023-12-11 14:00:00 +0000,Paris,103.56,USD
1542,09-10-2023,2023-10-09 08:00:00 UTC,M횄쩌nchen,36,JPY
1543,05-07-2023,05-07-2023 10:00,London,95.29,JPY
1544,08/18/2023,2023-08-18 14:00:00 UTC,S횄짙o Paulo,252.36,EUR
1545,04/18/2023,2023-04-18 10:00:00 +0000,London,108.87,EUR
1546,29-11-2023,2023-11-29 22:00:00 +0000,Montr횄짤al,361.84,GBP
1547,22-10-2023,2023-10-22 20:00:00 +0000,Tokyo,187.87,GBP
1548,17-12-2023,2023-12-17 02:00:00 +0530,M횄쩌nchen,58.12,USD
1549,07-01-2023,2023-01-07 02:00:00 +0530,Z횄쩌rich,340.72,EUR
1550,26-10-2023,2023-10-26 09:00:00 EST,New York,68.43,USD
1551,08-02-2023,2023-08-02 07:00:00 UTC,Paris,329.78,USD
1552,29-11-2023,2023-11-29 18:00:00 EST,New York,431.74,JPY
1553,10-12-2023,2023-12-10 02:00:00 UTC,S횄짙o Paulo,329.17,JPY
1554,14-09-2023,2023-09-14 13:00:00 EST,London,424.51,EUR
1555,06/26/2023,2023-06-26 19:00:00 +0530,M횄쩌nchen,153.63,GBP
1556,12-01-2023,2023-01-12 20:00:00 +0000,London,78.33,USD
1557,09-09-2023,2023-09-09 10:00:00 PST,London,71.2,EUR
1558,02-09-2023,2023-02-09 21:00:00 +0000,Z횄쩌rich,51.24,GBP
1559,02/21/2023,2023-02-21 10:00:00 EST,Z횄쩌rich,445.69,USD
1560,26-03-2023,2023-03-26 03:00:00 +0000,New York,83.89,JPY
1561,28-10-2023,2023-10-28 11:00:00 UTC,Tokyo,129.58,GBP
1562,10/30/2023,2023-10-30 05:00:00 PST,S횄짙o Paulo,243.65,EUR
1563,07-09-2023,2023-09-07 01:00:00 EST,Tokyo,279.84,GBP
1564,01-03-2023,2023-01-03 13:00:00 PST,S횄짙o Paulo,440.8,JPY
1565,07-05-2023,2023-07-05 22:00:00 PST,Z횄쩌rich,437.72,USD
1566,10-01-2023,10-01-2023 10:00,New York,155.63,EUR
1567,12/17/2023,2023-12-17 01:00:00 UTC,Tokyo,442.55,GBP
1568,23-02-2023,2023-02-23 06:00:00 +0000,S횄짙o Paulo,463,GBP
1569,05-12-2023,05-12-2023 18:00,M횄쩌nchen,53.74,GBP
1570,13-01-2023,2023-01-13 00:00:00 +0530,Montr횄짤al,293.07,GBP
1571,14-01-2023,2023-01-14 07:00:00 +0530,Z횄쩌rich,430.38,JPY
1572,18-11-2023,18-11-2023 15:00,Paris,26.73,JPY
1573,21-03-2023,2023-03-21 11:00:00 EST,London,329.88,GBP
1574,05-02-2023,2023-05-02 19:00:00 PST,New York,470.78,EUR
1575,28-08-2023,2023-08-28 13:00:00 PST,Z횄쩌rich,134.39,GBP
1576,05-07-2023,2023-07-05 06:00:00 EST,Paris,461.08,EUR
1577,30-09-2023,2023-09-30 13:00:00 +0000,S횄짙o Paulo,427.28,JPY
1578,26-09-2023,2023-09-26 05:00:00 +0530,Tokyo,11,GBP
1579,19-07-2023,2023-07-19 16:00:00 EST,Paris,163.18,GBP
1580,04-10-2023,2023-04-10 07:00:00 +0530,Z횄쩌rich,206.69,JPY
1581,25-09-2023,2023-09-25 23:00:00 +0530,S횄짙o Paulo,316.16,USD
1582,04-07-2023,2023-04-07 04:00:00 UTC,New York,230.44,EUR
1583,06-09-2023,2023-09-06 14:00:00 EST,S횄짙o Paulo,382.24,USD
1584,09/21/2023,21-09-2023 22:00,Z횄쩌rich,374.67,GBP
1585,25-04-2023,2023-04-25 00:00:00 UTC,Paris,106.05,GBP
1586,01/13/2023,2023-01-13 14:00:00 UTC,S횄짙o Paulo,332.75,GBP
1587,28-12-2023,2023-12-28 13:00:00 +0000,London,199.47,GBP
1588,02-02-2023,2023-02-02 02:00:00 UTC,New York,338.48,EUR
1589,11-05-2023,2023-05-11 23:00:00 UTC,Tokyo,130.9,JPY
1590,17-01-2023,2023-01-17 03:00:00 +0000,London,461.39,GBP
1591,11-03-2023,11-03-2023 04:00,Z횄쩌rich,215.48,JPY
1592,07-04-2023,2023-04-07 17:00:00 EST,Z횄쩌rich,423.13,JPY
1593,10/15/2023,2023-10-15 09:00:00 +0000,Montr횄짤al,118.83,GBP
1594,09-03-2023,2023-03-09 13:00:00 UTC,Tokyo,341.63,EUR
1595,09-04-2023,04-09-2023 22:00,Paris,91.45,GBP
1596,02-05-2023,2023-05-02 10:00:00 PST,Montr횄짤al,89.29,GBP
1597,05/13/2023,2023-05-13 05:00:00 PST,New York,40.57,EUR
1598,23-02-2023,23-02-2023 03:00,Montr횄짤al,223.49,EUR
1599,03-12-2023,03-12-2023 17:00,Tokyo,81.04,USD
1600,10/31/2023,2023-10-31 22:00:00 UTC,M횄쩌nchen,488.34,EUR
1601,05-08-2023,2023-08-05 16:00:00 +0000,Montr횄짤al,208.72,GBP
1602,18-10-2023,2023-10-18 05:00:00 EST,Z횄쩌rich,332.17,JPY
1603,28-07-2023,2023-07-28 11:00:00 +0530,Montr횄짤al,155.79,USD
1604,11-12-2023,2023-12-11 12:00:00 PST,Montr횄짤al,70.68,GBP
1605,08-06-2023,2023-08-06 14:00:00 PST,Montr횄짤al,10.85,EUR
1606,06-02-2023,06-02-2023 23:00,Z횄쩌rich,408.09,USD
1607,24-03-2023,2023-03-24 08:00:00 PST,M횄쩌nchen,345.49,EUR
1608,05-07-2023,2023-05-07 08:00:00 PST,M횄쩌nchen,24.84,USD
1609,11-02-2023,2023-02-11 11:00:00 EST,New York,104.42,USD
1610,29-01-2023,2023-01-29 11:00:00 PST,New York,71.19,JPY
1611,27-12-2023,2023-12-27 02:00:00 UTC,New York,10.73,EUR
1612,28-05-2023,2023-05-28 09:00:00 +0000,M횄쩌nchen,375.39,EUR
1613,25-03-2023,2023-03-25 14:00:00 +0000,Montr횄짤al,198.06,JPY
1614,07-08-2023,2023-07-08 04:00:00 +0000,London,156.45,USD
1615,23-07-2023,2023-07-23 21:00:00 +0530,Montr횄짤al,384.38,JPY
1616,02-05-2023,02-05-2023 12:00,Montr횄짤al,324.75,EUR
1617,04/23/2023,2023-04-23 07:00:00 +0530,Paris,400.4,EUR
1618,29-12-2023,29-12-2023 16:00,S횄짙o Paulo,403.65,GBP
1619,11-09-2023,2023-11-09 09:00:00 +0530,Paris,399.37,USD
1620,08/16/2023,2023-08-16 04:00:00 +0530,M횄쩌nchen,12.19,GBP
1621,02-05-2023,2023-02-05 05:00:00 PST,Tokyo,498.32,JPY
1622,03-09-2023,2023-09-03 03:00:00 +0000,Z횄쩌rich,414.81,USD
1623,12-01-2023,2023-01-12 17:00:00 PST,New York,216.44,USD
1624,12-05-2023,2023-05-12 06:00:00 UTC,London,120.87,EUR
1625,07-12-2023,2023-12-07 03:00:00 +0000,Paris,444.24,EUR
1626,18-11-2023,2023-11-18 21:00:00 PST,S횄짙o Paulo,54.25,GBP
1627,11-07-2023,2023-11-07 09:00:00 UTC,Paris,460.81,USD
1628,11-04-2023,2023-04-11 19:00:00 PST,London,309,GBP
1629,07-03-2023,03-07-2023 17:00,Montr횄짤al,233.93,USD
1630,09-10-2023,2023-09-10 11:00:00 PST,M횄쩌nchen,474.44,JPY
1631,04-05-2023,2023-05-04 11:00:00 +0000,London,445.39,USD
1632,07/27/2023,2023-07-27 17:00:00 UTC,S횄짙o Paulo,154.97,USD
1633,07-09-2023,2023-07-09 21:00:00 +0000,London,82.5,JPY
1634,02-12-2023,2023-02-12 19:00:00 +0000,Paris,74.64,EUR
1635,12-04-2023,2023-12-04 17:00:00 PST,Paris,460.77,USD
1636,08-11-2023,08-11-2023 03:00,Paris,225.96,USD
1637,21-01-2023,2023-01-21 22:00:00 +0000,Montr횄짤al,394.94,USD
1638,19-01-2023,19-01-2023 08:00,Paris,57.88,USD
1639,11-01-2023,2023-01-11 04:00:00 EST,M횄쩌nchen,87.11,USD
1640,28-07-2023,2023-07-28 05:00:00 EST,Montr횄짤al,46.67,EUR
1641,03-07-2023,2023-03-07 01:00:00 +0530,S횄짙o Paulo,287.77,GBP
1642,23-09-2023,2023-09-23 06:00:00 EST,Paris,130.57,GBP
1643,11-10-2023,2023-10-11 09:00:00 +0000,Paris,359.25,EUR
1644,04-07-2023,04-07-2023 02:00,Z횄쩌rich,171.38,JPY
1645,28-04-2023,2023-04-28 00:00:00 UTC,Paris,230.44,EUR
1646,17-03-2023,2023-03-17 19:00:00 PST,Montr횄짤al,255.32,EUR
1647,06-08-2023,2023-08-06 15:00:00 +0530,Paris,224.78,GBP
1648,05/28/2023,2023-05-28 10:00:00 PST,M횄쩌nchen,490.01,USD
1649,26-06-2023,2023-06-26 16:00:00 UTC,Z횄쩌rich,324.14,USD
1650,02-04-2023,2023-04-02 20:00:00 EST,Tokyo,320.62,JPY
1651,06/18/2023,2023-06-18 05:00:00 PST,Z횄쩌rich,347.28,EUR
1652,10-03-2023,2023-03-10 13:00:00 EST,S횄짙o Paulo,104.78,EUR
1653,05-03-2023,2023-03-05 19:00:00 EST,Paris,23.21,USD
1654,19-02-2023,2023-02-19 19:00:00 EST,M횄쩌nchen,38.05,EUR
1655,06-08-2023,06-08-2023 20:00,London,102.2,USD
1656,09/24/2023,2023-09-24 16:00:00 +0000,New York,428.88,USD
1657,09-06-2023,2023-06-09 11:00:00 PST,M횄쩌nchen,96.9,GBP
1658,12/31/2023,2023-12-31 14:00:00 EST,Tokyo,191.84,JPY
1659,23-07-2023,2023-07-23 20:00:00 +0530,Paris,472.89,EUR
1660,20-07-2023,2023-07-20 09:00:00 +0530,M횄쩌nchen,185.63,USD
1661,17-10-2023,2023-10-17 14:00:00 UTC,New York,91.69,GBP
1662,10/15/2023,2023-10-15 13:00:00 +0530,Z횄쩌rich,67.01,USD
1663,26-09-2023,2023-09-26 10:00:00 PST,London,185.68,JPY
1664,04-10-2023,10-04-2023 02:00,Tokyo,432.94,GBP
1665,15-12-2023,2023-12-15 12:00:00 UTC,Tokyo,123.05,GBP
1666,08-08-2023,2023-08-08 13:00:00 PST,New York,289.39,USD
1667,11-05-2023,2023-05-11 13:00:00 UTC,M횄쩌nchen,401.47,GBP
1668,01/20/2023,2023-01-20 14:00:00 +0530,New York,255.03,EUR
1669,09/22/2023,2023-09-22 10:00:00 PST,M횄쩌nchen,308.64,EUR
1670,07-04-2023,2023-04-07 17:00:00 UTC,Paris,326.29,JPY
1671,21-12-2023,2023-12-21 14:00:00 UTC,London,212.18,JPY
1672,04-04-2023,2023-04-04 13:00:00 +0530,Paris,303.95,EUR
1673,18-07-2023,2023-07-18 12:00:00 EST,Paris,48.86,GBP
1674,01-08-2023,2023-08-01 15:00:00 EST,Montr횄짤al,360.72,EUR
1675,06-02-2023,2023-02-06 15:00:00 PST,London,331.29,USD
1676,03/20/2023,2023-03-20 09:00:00 PST,London,10.83,GBP
1677,05/31/2023,2023-05-31 03:00:00 UTC,Z횄쩌rich,63.7,USD
1678,20-09-2023,20-09-2023 09:00,M횄쩌nchen,340.08,GBP
1679,04-08-2023,2023-08-04 12:00:00 UTC,Paris,223.71,EUR
1680,07/25/2023,2023-07-25 00:00:00 UTC,Z횄쩌rich,214.84,EUR
1681,19-12-2023,2023-12-19 01:00:00 +0000,Z횄쩌rich,203.88,USD
1682,15-03-2023,2023-03-15 15:00:00 +0530,Z횄쩌rich,341.91,USD
1683,10-07-2023,10-07-2023 07:00,Paris,125.91,USD
1684,05-01-2023,2023-05-01 21:00:00 EST,London,275.23,EUR
1685,10-01-2023,01-10-2023 03:00,Z횄쩌rich,221.27,JPY
1686,02-09-2023,2023-09-02 03:00:00 +0000,Paris,23.77,EUR
1687,28-01-2023,2023-01-28 22:00:00 +0530,Montr횄짤al,25.23,JPY
1688,08-04-2023,2023-08-04 11:00:00 PST,M횄쩌nchen,140.35,JPY
1689,23-08-2023,2023-08-23 07:00:00 EST,Z횄쩌rich,228.57,GBP
1690,15-06-2023,15-06-2023 11:00,Montr횄짤al,43.7,GBP
1691,31-07-2023,2023-07-31 14:00:00 UTC,M횄쩌nchen,236.34,EUR
1692,01-07-2023,2023-01-07 15:00:00 +0000,Montr횄짤al,478.76,USD
1693,17-03-2023,2023-03-17 19:00:00 EST,Paris,485.42,EUR
1694,01-04-2023,2023-04-01 22:00:00 +0530,New York,42.43,EUR
1695,22-08-2023,2023-08-22 06:00:00 UTC,S횄짙o Paulo,123.15,EUR
1696,25-11-2023,2023-11-25 00:00:00 PST,M횄쩌nchen,75.57,JPY
1697,01-12-2023,2023-01-12 17:00:00 +0000,M횄쩌nchen,486.06,JPY
1698,04-07-2023,07-04-2023 19:00,New York,307.35,USD
1699,18-04-2023,18-04-2023 06:00,Montr횄짤al,135.58,EUR
1700,30-12-2023,30-12-2023 03:00,New York,317.8,USD
1701,03-10-2023,2023-10-03 21:00:00 PST,London,107.17,USD
1702,23-09-2023,2023-09-23 17:00:00 PST,New York,322.45,USD
1703,28-05-2023,28-05-2023 13:00,Tokyo,124.61,JPY
1704,26-01-2023,2023-01-26 11:00:00 +0530,Montr횄짤al,269.16,USD
1705,23-02-2023,2023-02-23 19:00:00 +0000,London,128.23,EUR
1706,16-01-2023,2023-01-16 04:00:00 UTC,Montr횄짤al,326.11,JPY
1707,10-04-2023,2023-10-04 00:00:00 EST,Paris,75.69,GBP
1708,21-01-2023,2023-01-21 23:00:00 EST,Z횄쩌rich,356.56,USD
1709,05-02-2023,2023-02-05 16:00:00 +0530,Z횄쩌rich,30.73,JPY
1710,19-02-2023,2023-02-19 04:00:00 PST,New York,112.19,JPY
1711,14-03-2023,2023-03-14 04:00:00 UTC,London,499.07,GBP
1712,19-11-2023,2023-11-19 14:00:00 +0000,M횄쩌nchen,84.71,GBP
1713,17-11-2023,2023-11-17 13:00:00 UTC,Z횄쩌rich,258.12,USD
1714,08/29/2023,2023-08-29 13:00:00 UTC,New York,47.44,EUR
1715,03/30/2023,2023-03-30 15:00:00 UTC,M횄쩌nchen,338.66,GBP
1716,18-10-2023,2023-10-18 23:00:00 UTC,New York,93.04,JPY
1717,17-04-2023,2023-04-17 06:00:00 +0000,S횄짙o Paulo,79.63,EUR
1718,04-02-2023,2023-02-04 17:00:00 UTC,Tokyo,163.37,USD
1719,08/24/2023,24-08-2023 07:00,New York,186.19,USD
1720,11/14/2023,2023-11-14 16:00:00 EST,London,338.98,GBP
1721,15-07-2023,2023-07-15 16:00:00 EST,Tokyo,35.06,EUR
1722,12-08-2023,2023-12-08 02:00:00 +0000,Z횄쩌rich,200.52,USD
1723,20-11-2023,2023-11-20 06:00:00 +0530,S횄짙o Paulo,494.54,JPY
1724,18-01-2023,2023-01-18 18:00:00 +0530,London,402.53,GBP
1725,31-07-2023,31-07-2023 00:00,Montr횄짤al,332.14,EUR
1726,01-06-2023,2023-06-01 13:00:00 UTC,Paris,478.71,GBP
1727,05-01-2023,2023-01-05 05:00:00 +0530,Montr횄짤al,228.76,USD
1728,08-03-2023,03-08-2023 21:00,London,66.48,GBP
1729,04/29/2023,2023-04-29 06:00:00 PST,M횄쩌nchen,431.07,USD
1730,05/31/2023,2023-05-31 20:00:00 PST,S횄짙o Paulo,225.22,EUR
1731,06-11-2023,2023-06-11 20:00:00 +0530,Paris,262.17,USD
1732,09-04-2023,2023-09-04 04:00:00 PST,S횄짙o Paulo,216.92,GBP
1733,11-01-2023,2023-01-11 20:00:00 +0530,Montr횄짤al,71.11,GBP
1734,12-07-2023,2023-12-07 02:00:00 +0000,Tokyo,261.82,EUR
1735,11/30/2023,2023-11-30 22:00:00 UTC,Paris,345.83,GBP
1736,31-07-2023,2023-07-31 20:00:00 +0530,M횄쩌nchen,255.7,GBP
1737,06-02-2023,2023-02-06 23:00:00 +0000,M횄쩌nchen,444.34,JPY
1738,16-03-2023,16-03-2023 12:00,M횄쩌nchen,271.27,GBP
1739,25-10-2023,2023-10-25 00:00:00 PST,New York,318.05,GBP
1740,13-12-2023,2023-12-13 13:00:00 EST,London,35.76,USD
1741,03-11-2023,2023-03-11 18:00:00 +0530,M횄쩌nchen,92.2,JPY
1742,11-01-2023,2023-11-01 00:00:00 PST,M횄쩌nchen,150.34,USD
1743,18-06-2023,2023-06-18 14:00:00 UTC,S횄짙o Paulo,358.36,USD
1744,19-01-2023,2023-01-19 21:00:00 PST,London,298.67,USD
1745,29-10-2023,29-10-2023 23:00,Z횄쩌rich,375.41,JPY
1746,19-08-2023,19-08-2023 10:00,S횄짙o Paulo,187.88,EUR
1747,06-04-2023,2023-04-06 13:00:00 PST,Tokyo,321.59,GBP
1748,28-08-2023,2023-08-28 13:00:00 +0530,London,230.07,GBP
1749,07-04-2023,07-04-2023 16:00,M횄쩌nchen,377.91,GBP
1750,07-03-2023,2023-03-07 15:00:00 UTC,New York,33.35,EUR
1751,08-11-2023,2023-08-11 17:00:00 +0000,Paris,366.69,GBP
1752,04/26/2023,2023-04-26 21:00:00 EST,Tokyo,46.24,GBP
1753,14-03-2023,2023-03-14 19:00:00 EST,Paris,488.95,EUR
1754,04/16/2023,2023-04-16 00:00:00 UTC,Z횄쩌rich,46.85,JPY
1755,12-10-2023,2023-12-10 18:00:00 +0000,Z횄쩌rich,138.14,GBP
1756,05/14/2023,2023-05-14 17:00:00 +0530,New York,451.5,EUR
1757,12-01-2023,2023-01-12 10:00:00 +0000,Z횄쩌rich,395.24,JPY
1758,28-03-2023,2023-03-28 02:00:00 EST,London,141.37,GBP
1759,24-12-2023,24-12-2023 05:00,Paris,243.77,JPY
1760,09-12-2023,2023-12-09 09:00:00 PST,London,273.1,EUR
1761,07/29/2023,2023-07-29 09:00:00 +0000,London,459.45,JPY
1762,11/17/2023,2023-11-17 19:00:00 PST,Tokyo,397.42,JPY
1763,08-02-2023,02-08-2023 13:00,S횄짙o Paulo,361.11,GBP
1764,10/17/2023,2023-10-17 10:00:00 +0530,Montr횄짤al,117.25,GBP
1765,22-09-2023,2023-09-22 13:00:00 PST,Paris,223.01,USD
1766,07-08-2023,2023-08-07 21:00:00 +0000,Z횄쩌rich,57.13,GBP
1767,04-06-2023,2023-04-06 05:00:00 PST,M횄쩌nchen,38.96,EUR
1768,01/22/2023,22-01-2023 14:00,New York,150.68,JPY
1769,26-04-2023,26-04-2023 15:00,Z횄쩌rich,326.86,EUR
1770,09-04-2023,09-04-2023 11:00,Montr횄짤al,101.95,USD
1771,01-08-2023,2023-08-01 03:00:00 EST,Paris,261.73,USD
1772,13-10-2023,13-10-2023 15:00,Montr횄짤al,90.37,GBP
1773,10-04-2023,2023-04-10 14:00:00 UTC,Z횄쩌rich,51.61,EUR
1774,06/17/2023,2023-06-17 18:00:00 +0530,S횄짙o Paulo,237.58,EUR
1775,06-10-2023,2023-10-06 00:00:00 +0000,Paris,460.07,GBP
1776,24-03-2023,24-03-2023 00:00,M횄쩌nchen,290.6,EUR
1777,20-01-2023,2023-01-20 19:00:00 UTC,London,426.9,JPY
1778,13-07-2023,2023-07-13 11:00:00 EST,Z횄쩌rich,485.9,EUR
1779,08/17/2023,2023-08-17 05:00:00 UTC,Z횄쩌rich,111.08,USD
1780,07/27/2023,2023-07-27 21:00:00 UTC,S횄짙o Paulo,134.69,JPY
1781,08/24/2023,2023-08-24 08:00:00 UTC,Z횄쩌rich,443.71,USD
1782,31-05-2023,2023-05-31 20:00:00 UTC,Tokyo,432.82,USD
1783,27-05-2023,2023-05-27 04:00:00 PST,Paris,259.42,EUR
1784,05/15/2023,2023-05-15 05:00:00 UTC,Tokyo,66,GBP
1785,24-01-2023,2023-01-24 01:00:00 +0000,Tokyo,462.37,GBP
1786,07-06-2023,2023-06-07 15:00:00 PST,S횄짙o Paulo,176.35,EUR
1787,18-05-2023,2023-05-18 00:00:00 UTC,Tokyo,205.06,GBP
1788,10-11-2023,10-11-2023 21:00,S횄짙o Paulo,494.54,EUR
1789,24-02-2023,2023-02-24 04:00:00 UTC,M횄쩌nchen,136.66,JPY
1790,12-06-2023,2023-06-12 11:00:00 PST,Paris,77.54,EUR
1791,11-12-2023,2023-12-11 00:00:00 +0000,Z횄쩌rich,208.39,USD
1792,06-06-2023,2023-06-06 04:00:00 PST,Paris,458.59,JPY
1793,04/26/2023,26-04-2023 07:00,M횄쩌nchen,289.1,USD
1794,11-06-2023,2023-06-11 17:00:00 EST,New York,74.96,JPY
1795,04-11-2023,2023-04-11 15:00:00 EST,New York,437.86,GBP
1796,30-06-2023,2023-06-30 14:00:00 EST,Tokyo,29.9,JPY
1797,14-05-2023,2023-05-14 16:00:00 UTC,London,126.19,USD
1798,05/28/2023,2023-05-28 17:00:00 PST,New York,265.56,EUR
1799,10-08-2023,2023-10-08 17:00:00 +0000,Tokyo,462.65,USD
1800,28-09-2023,2023-09-28 21:00:00 +0000,Tokyo,81.81,USD
1801,11-04-2023,2023-04-11 17:00:00 EST,S횄짙o Paulo,64.56,JPY
1802,08-05-2023,2023-05-08 11:00:00 EST,M횄쩌nchen,94.66,GBP
1803,01/19/2023,2023-01-19 03:00:00 UTC,Tokyo,255.93,GBP
1804,06/14/2023,2023-06-14 21:00:00 +0000,S횄짙o Paulo,103.15,JPY
1805,21-02-2023,2023-02-21 12:00:00 EST,Tokyo,381.03,EUR
1806,18-03-2023,2023-03-18 05:00:00 +0000,Montr횄짤al,342.5,JPY
1807,23-02-2023,2023-02-23 17:00:00 EST,Montr횄짤al,262.97,JPY
1808,15-03-2023,2023-03-15 12:00:00 EST,New York,408.04,EUR
1809,02-07-2023,2023-07-02 15:00:00 PST,Tokyo,291.44,EUR
1810,08-08-2023,2023-08-08 18:00:00 EST,Paris,27.5,EUR
1811,25-01-2023,2023-01-25 16:00:00 +0000,London,471.77,USD
1812,01-03-2023,2023-01-03 16:00:00 EST,Montr횄짤al,358.09,USD
1813,12/15/2023,15-12-2023 23:00,New York,345.35,GBP
1814,19-08-2023,2023-08-19 23:00:00 UTC,M횄쩌nchen,463.02,EUR
1815,11/13/2023,2023-11-13 04:00:00 +0000,S횄짙o Paulo,77.8,EUR
1816,22-10-2023,22-10-2023 11:00,M횄쩌nchen,361.94,JPY
1817,18-06-2023,18-06-2023 19:00,Montr횄짤al,124,JPY
1818,20-12-2023,20-12-2023 15:00,New York,485.29,JPY
1819,18-10-2023,2023-10-18 08:00:00 PST,Z횄쩌rich,39.37,EUR
1820,14-01-2023,2023-01-14 06:00:00 +0000,London,462.66,GBP
1821,10-01-2023,2023-01-10 07:00:00 +0530,Z횄쩌rich,296.08,USD
1822,03-11-2023,2023-11-03 23:00:00 EST,Tokyo,251.75,JPY
1823,02-08-2023,2023-08-02 13:00:00 EST,M횄쩌nchen,223.72,JPY
1824,07/25/2023,2023-07-25 14:00:00 PST,Z횄쩌rich,286.27,USD
1825,13-09-2023,2023-09-13 17:00:00 UTC,M횄쩌nchen,34.38,EUR
1826,13-02-2023,2023-02-13 05:00:00 UTC,Paris,306.14,USD
1827,22-12-2023,2023-12-22 08:00:00 +0000,M횄쩌nchen,107.04,EUR
1828,06-06-2023,2023-06-06 06:00:00 +0530,M횄쩌nchen,21.42,EUR
1829,19-12-2023,2023-12-19 00:00:00 UTC,S횄짙o Paulo,362.27,EUR
1830,11/25/2023,2023-11-25 15:00:00 UTC,M횄쩌nchen,124.78,USD
1831,01-05-2023,2023-05-01 05:00:00 +0530,Montr횄짤al,358.25,USD
1832,27-08-2023,2023-08-27 13:00:00 +0530,M횄쩌nchen,31.37,GBP
1833,04-01-2023,2023-01-04 19:00:00 +0000,Tokyo,178.04,GBP
1834,02-05-2023,2023-02-05 11:00:00 PST,Montr횄짤al,328.94,GBP
1835,12-09-2023,2023-09-12 12:00:00 UTC,M횄쩌nchen,471,USD
1836,08/30/2023,30-08-2023 14:00,Tokyo,458.66,EUR
1837,20-08-2023,2023-08-20 09:00:00 EST,S횄짙o Paulo,232.69,EUR
1838,10-12-2023,2023-12-10 11:00:00 +0530,S횄짙o Paulo,409.91,USD
1839,23-10-2023,2023-10-23 23:00:00 UTC,Z횄쩌rich,428.6,JPY
1840,22-11-2023,2023-11-22 21:00:00 UTC,Z횄쩌rich,395.68,JPY
1841,05-03-2023,2023-03-05 20:00:00 UTC,New York,331.03,JPY
1842,10/26/2023,2023-10-26 16:00:00 PST,Tokyo,413.83,JPY
1843,02-03-2023,2023-03-02 01:00:00 +0000,S횄짙o Paulo,438.66,EUR
1844,07-08-2023,2023-08-07 08:00:00 PST,M횄쩌nchen,458.51,EUR
1845,11/13/2023,2023-11-13 23:00:00 PST,Z횄쩌rich,76.78,EUR
1846,03/17/2023,17-03-2023 07:00,New York,420.08,EUR
1847,21-02-2023,2023-02-21 20:00:00 PST,London,461.32,USD
1848,31-01-2023,2023-01-31 02:00:00 PST,S횄짙o Paulo,187.17,GBP
1849,30-11-2023,2023-11-30 07:00:00 EST,London,71.77,USD
1850,08-02-2023,2023-02-08 08:00:00 UTC,London,92.69,USD
1851,17-05-2023,2023-05-17 03:00:00 EST,New York,361.09,USD
1852,21-09-2023,2023-09-21 21:00:00 PST,M횄쩌nchen,250.56,JPY
1853,23-11-2023,23-11-2023 16:00,M횄쩌nchen,181.62,USD
1854,20-01-2023,2023-01-20 22:00:00 UTC,Paris,489.13,JPY
1855,03/19/2023,2023-03-19 15:00:00 PST,New York,385.21,EUR
1856,26-07-2023,2023-07-26 14:00:00 PST,Montr횄짤al,176.09,GBP
1857,22-03-2023,22-03-2023 20:00,S횄짙o Paulo,226.73,EUR
1858,08-06-2023,2023-06-08 10:00:00 EST,Z횄쩌rich,498.53,USD
1859,06-07-2023,2023-07-06 13:00:00 +0000,London,137.4,USD
1860,18-06-2023,2023-06-18 03:00:00 +0530,New York,56.84,EUR
1861,15-05-2023,2023-05-15 14:00:00 PST,Tokyo,417.24,GBP
1862,11/18/2023,18-11-2023 19:00,Z횄쩌rich,32.7,JPY
1863,08-08-2023,2023-08-08 03:00:00 +0000,Montr횄짤al,241.23,JPY
1864,06-11-2023,11-06-2023 00:00,Montr횄짤al,199.71,GBP
1865,25-01-2023,2023-01-25 16:00:00 EST,S횄짙o Paulo,201.44,EUR
1866,28-12-2023,2023-12-28 11:00:00 PST,Paris,466.23,USD
1867,07-05-2023,2023-05-07 02:00:00 PST,New York,425.11,JPY
1868,22-01-2023,2023-01-22 16:00:00 PST,M횄쩌nchen,330.46,JPY
1869,22-08-2023,2023-08-22 09:00:00 +0000,S횄짙o Paulo,63.86,JPY
1870,03-06-2023,06-03-2023 22:00,Paris,439.91,USD
1871,04-07-2023,2023-04-07 12:00:00 +0000,New York,239.75,EUR
1872,06-05-2023,2023-05-06 13:00:00 EST,London,442.36,EUR
1873,09/30/2023,2023-09-30 14:00:00 PST,New York,297.95,JPY
1874,02-04-2023,2023-04-02 11:00:00 EST,Tokyo,54.43,USD
1875,01/24/2023,2023-01-24 05:00:00 EST,Tokyo,170.24,JPY
1876,09/17/2023,2023-09-17 03:00:00 EST,Montr횄짤al,95.06,USD
1877,10-01-2023,2023-01-10 12:00:00 UTC,Z횄쩌rich,125.5,USD
1878,28-11-2023,2023-11-28 03:00:00 PST,Tokyo,382.11,JPY
1879,21-03-2023,2023-03-21 14:00:00 +0530,Montr횄짤al,443.05,JPY
1880,06-06-2023,2023-06-06 09:00:00 UTC,M횄쩌nchen,209.5,GBP
1881,19-08-2023,19-08-2023 15:00,Montr횄짤al,442.14,GBP
1882,15-08-2023,2023-08-15 13:00:00 PST,S횄짙o Paulo,284.08,USD
1883,03-03-2023,2023-03-03 17:00:00 PST,S횄짙o Paulo,302.64,GBP
1884,04-09-2023,2023-04-09 01:00:00 UTC,M횄쩌nchen,268.26,USD
1885,01/31/2023,2023-01-31 08:00:00 EST,London,224.19,EUR
1886,06-09-2023,2023-06-09 08:00:00 +0530,Montr횄짤al,490.9,USD
1887,13-04-2023,2023-04-13 11:00:00 PST,Montr횄짤al,206.28,GBP
1888,06-01-2023,2023-01-06 02:00:00 +0530,London,453.94,GBP
1889,19-02-2023,2023-02-19 16:00:00 UTC,Paris,388.3,EUR
1890,26-08-2023,2023-08-26 22:00:00 +0530,Tokyo,157.96,JPY
1891,06-06-2023,2023-06-06 20:00:00 EST,Paris,356.14,USD
1892,22-03-2023,2023-03-22 01:00:00 EST,Paris,369.21,USD
1893,09-01-2023,2023-09-01 18:00:00 +0530,Paris,474.94,USD
1894,10-06-2023,2023-06-10 03:00:00 UTC,Z횄쩌rich,338.77,GBP
1895,11/15/2023,2023-11-15 09:00:00 EST,S횄짙o Paulo,461.98,USD
1896,03/26/2023,2023-03-26 16:00:00 EST,Paris,20.61,EUR
1897,07-01-2023,07-01-2023 05:00,Paris,119.66,USD
1898,03-12-2023,2023-03-12 01:00:00 EST,S횄짙o Paulo,491.91,GBP
1899,11/22/2023,2023-11-22 05:00:00 +0000,Paris,10.42,EUR
1900,11-05-2023,2023-05-11 01:00:00 PST,Tokyo,337.08,GBP
1901,03-06-2023,2023-06-03 19:00:00 +0000,M횄쩌nchen,434.33,EUR
1902,14-07-2023,2023-07-14 13:00:00 PST,S횄짙o Paulo,428.63,USD
1903,20-03-2023,2023-03-20 12:00:00 +0530,Tokyo,311.82,GBP
1904,28-06-2023,2023-06-28 19:00:00 PST,Paris,265.82,GBP
1905,01-02-2023,2023-01-02 21:00:00 EST,New York,402.15,GBP
1906,02/20/2023,2023-02-20 08:00:00 +0530,Z횄쩌rich,317.68,EUR
1907,07-01-2023,2023-01-07 23:00:00 UTC,S횄짙o Paulo,237.71,GBP
1908,14-10-2023,2023-10-14 14:00:00 PST,London,406.73,USD
1909,13-04-2023,2023-04-13 03:00:00 +0530,Z횄쩌rich,230.73,JPY
1910,02/13/2023,2023-02-13 15:00:00 PST,New York,129.44,JPY
1911,11-08-2023,2023-08-11 06:00:00 +0530,Montr횄짤al,349.3,USD
1912,11-02-2023,2023-02-11 12:00:00 PST,Paris,273.17,USD
1913,25-04-2023,2023-04-25 01:00:00 +0000,London,86.58,USD
1914,27-03-2023,2023-03-27 14:00:00 +0000,New York,224.25,EUR
1915,02-01-2023,2023-02-01 14:00:00 PST,Tokyo,65.16,JPY
1916,13-02-2023,2023-02-13 15:00:00 UTC,Montr횄짤al,442.5,JPY
1917,12-07-2023,07-12-2023 19:00,Montr횄짤al,319.72,JPY
1918,10-07-2023,2023-07-10 05:00:00 +0530,Tokyo,153.75,EUR
1919,05-06-2023,2023-06-05 09:00:00 EST,Z횄쩌rich,76.08,GBP
1920,01/24/2023,2023-01-24 23:00:00 +0530,Paris,461.46,EUR
1921,31-12-2023,2023-12-31 11:00:00 UTC,Paris,279.39,USD
1922,21-06-2023,2023-06-21 01:00:00 UTC,Paris,96.4,GBP
1923,04-08-2023,2023-08-04 04:00:00 UTC,Montr횄짤al,65.49,USD
1924,12-11-2023,12-11-2023 07:00,Z횄쩌rich,291.59,EUR
1925,16-03-2023,2023-03-16 13:00:00 EST,S횄짙o Paulo,274.23,GBP
1926,09-12-2023,2023-09-12 16:00:00 +0000,Z횄쩌rich,43.94,USD
1927,17-11-2023,2023-11-17 21:00:00 UTC,New York,369.44,USD
1928,25-05-2023,2023-05-25 04:00:00 PST,Tokyo,415.61,USD
1929,25-10-2023,25-10-2023 20:00,Tokyo,258.32,USD
1930,30-06-2023,30-06-2023 05:00,London,96.1,EUR
1931,03-08-2023,08-03-2023 06:00,Tokyo,177.24,GBP
1932,15-11-2023,2023-11-15 19:00:00 +0000,M횄쩌nchen,185.13,JPY
1933,21-04-2023,21-04-2023 04:00,Tokyo,64.34,GBP
1934,07-10-2023,2023-10-07 03:00:00 EST,London,499.55,GBP
1935,11/27/2023,2023-11-27 18:00:00 UTC,Paris,313.42,EUR
1936,28-04-2023,28-04-2023 06:00,Z횄쩌rich,367.5,JPY
1937,23-10-2023,2023-10-23 20:00:00 UTC,Montr횄짤al,191.75,USD
1938,13-01-2023,2023-01-13 09:00:00 PST,M횄쩌nchen,410,EUR
1939,07-12-2023,2023-12-07 09:00:00 +0000,M횄쩌nchen,222.15,EUR
1940,05-01-2023,05-01-2023 02:00,Z횄쩌rich,313.8,JPY
1941,22-12-2023,2023-12-22 11:00:00 PST,London,372.5,JPY
1942,02/21/2023,21-02-2023 01:00,Z횄쩌rich,17.02,USD
1943,06-05-2023,2023-05-06 03:00:00 +0000,Tokyo,291.78,USD
1944,22-07-2023,2023-07-22 08:00:00 PST,London,460.65,EUR
1945,08-03-2023,2023-03-08 17:00:00 EST,Z횄쩌rich,495.37,JPY
1946,30-11-2023,2023-11-30 19:00:00 PST,Tokyo,38.93,GBP
1947,04/29/2023,29-04-2023 21:00,London,406.23,GBP
1948,27-07-2023,27-07-2023 03:00,New York,255.81,GBP
1949,25-04-2023,2023-04-25 02:00:00 +0530,M횄쩌nchen,74.33,USD
1950,07-03-2023,2023-03-07 16:00:00 PST,London,50.46,EUR
1951,08-07-2023,2023-07-08 04:00:00 UTC,New York,189.82,GBP
1952,15-06-2023,2023-06-15 18:00:00 +0000,Z횄쩌rich,314.36,USD
1953,08-05-2023,05-08-2023 05:00,Montr횄짤al,485.07,USD
1954,15-01-2023,2023-01-15 07:00:00 UTC,M횄쩌nchen,403.26,JPY
1955,30-05-2023,2023-05-30 15:00:00 +0530,M횄쩌nchen,173.99,GBP
1956,25-02-2023,25-02-2023 05:00,M횄쩌nchen,203.09,JPY
1957,10-01-2023,2023-01-10 16:00:00 PST,Montr횄짤al,231.44,JPY
1958,05/23/2023,2023-05-23 12:00:00 PST,S횄짙o Paulo,72.98,USD
1959,10/15/2023,2023-10-15 13:00:00 PST,New York,211.6,JPY
1960,27-06-2023,2023-06-27 04:00:00 +0530,Montr횄짤al,419.62,JPY
1961,15-02-2023,15-02-2023 17:00,S횄짙o Paulo,168.62,EUR
1962,21-12-2023,21-12-2023 07:00,Z횄쩌rich,194.53,GBP
1963,02/17/2023,2023-02-17 17:00:00 UTC,Paris,132.51,EUR
1964,08-08-2023,2023-08-08 10:00:00 +0530,S횄짙o Paulo,59.64,GBP
1965,06-03-2023,2023-06-03 14:00:00 PST,London,33.25,JPY
1966,16-07-2023,2023-07-16 19:00:00 UTC,Z횄쩌rich,20.31,GBP
1967,26-03-2023,2023-03-26 06:00:00 +0530,Paris,199.57,USD
1968,05-03-2023,2023-03-05 09:00:00 EST,Montr횄짤al,340.59,GBP
1969,27-07-2023,2023-07-27 20:00:00 EST,Tokyo,454.95,USD
1970,01/31/2023,2023-01-31 13:00:00 EST,London,387.61,EUR
1971,31-03-2023,2023-03-31 04:00:00 +0530,New York,454.57,JPY
1972,09-11-2023,09-11-2023 22:00,M횄쩌nchen,10.25,JPY
1973,07-09-2023,07-09-2023 15:00,S횄짙o Paulo,389.33,JPY
1974,14-08-2023,2023-08-14 23:00:00 +0000,S횄짙o Paulo,186.05,USD
1975,15-08-2023,2023-08-15 12:00:00 PST,London,316.86,JPY
1976,23-01-2023,2023-01-23 07:00:00 +0530,Z횄쩌rich,165.62,EUR
1977,08-04-2023,2023-04-08 02:00:00 UTC,London,360.21,USD
1978,07-04-2023,2023-04-07 19:00:00 UTC,Z횄쩌rich,296.44,JPY
1979,08/18/2023,2023-08-18 15:00:00 +0000,New York,147.87,EUR
1980,13-04-2023,13-04-2023 02:00,Tokyo,452.67,GBP
1981,25-09-2023,2023-09-25 17:00:00 +0000,Tokyo,391.74,EUR
1982,02-01-2023,2023-02-01 02:00:00 UTC,Tokyo,234.68,EUR
1983,05-08-2023,05-08-2023 16:00,London,19.98,GBP
1984,26-10-2023,2023-10-26 20:00:00 UTC,Paris,104.35,JPY
1985,04-03-2023,2023-03-04 03:00:00 EST,Montr횄짤al,497.17,USD
1986,23-07-2023,2023-07-23 13:00:00 UTC,London,257.85,GBP
1987,04-05-2023,2023-05-04 05:00:00 +0000,Montr횄짤al,172.69,USD
1988,01-11-2023,2023-01-11 16:00:00 PST,Montr횄짤al,327.19,GBP
1989,12-12-2023,2023-12-12 09:00:00 +0530,Tokyo,370.39,GBP
1990,06-06-2023,2023-06-06 21:00:00 EST,New York,24.59,GBP
1991,12-12-2023,2023-12-12 08:00:00 UTC,New York,31.56,USD
1992,21-03-2023,2023-03-21 22:00:00 UTC,Z횄쩌rich,315.43,JPY
1993,09-09-2023,2023-09-09 12:00:00 +0530,London,308.35,EUR
1994,21-10-2023,2023-10-21 04:00:00 +0000,Montr횄짤al,161.44,GBP
1995,01-11-2023,01-11-2023 04:00,S횄짙o Paulo,120.65,EUR
1996,05/28/2023,2023-05-28 00:00:00 UTC,Z횄쩌rich,83.28,USD
1997,31-10-2023,2023-10-31 15:00:00 EST,M횄쩌nchen,100.28,EUR
1998,20-02-2023,2023-02-20 14:00:00 PST,Z횄쩌rich,389.86,GBP
1999,11-01-2023,2023-01-11 01:00:00 UTC,London,332.85,EUR
